{"cameraMode":{"drawMode":0,"name":"Shaded","section":"Shading Mode"},"sceneLighting":true,"audioPlay":false,"sceneViewState":{"showFog":true,"showMaterialUpdate":true,"showSkybox":true,"showFlares":true,"showImageEffects":true,"showParticleSystems":true},"in2DMode":false,"pivot":{"x":-4.542959690093994,"y":-1.6697955131530762,"z":7.829434871673584},"rotation":{"x":0.20507626235485078,"y":0.3699224591255188,"z":-0.08408229053020477,"w":0.9022378921508789},"size":8.269707679748536,"orthographic":false}