{"cameraMode":{"drawMode":0,"name":"Shaded","section":"Shading Mode"},"sceneLighting":true,"audioPlay":false,"sceneViewState":{"showFog":true,"showMaterialUpdate":true,"showSkybox":true,"showFlares":true,"showImageEffects":true,"showParticleSystems":true},"in2DMode":false,"pivot":{"x":3.9877994060516359,"y":22.513837814331056,"z":-46.53253173828125},"rotation":{"x":-0.1340429186820984,"y":0.17062728106975556,"z":-0.02343829721212387,"w":-0.975898027420044},"size":2.9972901344299318,"orthographic":false}